[
    {
        "dioseseId": "1",
        "dioceseSlug": "diocese-of-london-canada",
        "dioceseName": "Diocese of London",
        "dioceseProvinceState": "Ontario",
        "dioceseProvinceStateSlug": "ontario",
        "dioceseCountry": "Canada",
        "dioceseCountrySlug": "canada",
        "dioceseUrl": "https://dol.ca",
        "bishop": "Rev. Ronald P. Fabbro",
        "bishopPhone": "519-433-0658",
        "bishopEmail": "",
        "bishopPhoto": "https://res.cloudinary.com/dscbzaxij/image/upload/v1764108682/fabbro_jyiyay.jpg",
        "vicarGeneral": "Rev. Dwayne Adam",
        "vicarGeneralPhone": "519-734-8044",
        "vicarGeneralEmail": "",
        "dioceseAddress": "1070 Waterloo Street, London, Ontario N6A 3Y2, Canada",
        "dioceseCathedralSlug": "st-peter-s-cathedral-basilica-london",
        "dioceseCathedral": "St Peter\u2019s Cathedral Basilica",
        "DioceseEstablishedYear": "1856",
        "DioceseEstablishedDate": "February 21, 1856",
        "numParishesInDiocese": "123",
        "numFamiliesInDIocese": "32",
        "familiesListByDioceseAlpha": "Amherstburg Harrow Catholic Family of Parishes (2); Amherstburg Harrow Catholic Family of Parishes (2); Avon-Thames Catholic Family of Parishes (3); Avon-Thames Catholic Family of Parishes (3); Avon-Thames Catholic Family of Parishes (3); Catholic Family of Parishes in Norfolk (4); Catholic Family of Parishes in Norfolk (4); Catholic Family of Parishes in Norfolk (4); Catholic Family of Parishes in Norfolk (4); Central Essex County Catholic Family of Parishes (4); Central Essex County Catholic Family of Parishes (4); Central Essex County Catholic Family of Parishes (4); Central Essex County Catholic Family of Parishes (4); Chatham Catholic Family of Parishes (4); Chatham Catholic Family of Parishes (4); Chatham Catholic Family of Parishes (4); Chatham Catholic Family of Parishes (4); East Windsor Catholic Family of Parishes (2); East Windsor Catholic Family of Parishes (2); Elgin Roman Catholic Family of Parishes (5); Elgin Roman Catholic Family of Parishes (5); Elgin Roman Catholic Family of Parishes (5); Elgin Roman Catholic Family of Parishes (5); Elgin Roman Catholic Family of Parishes (5); Erie Shores South Catholic Family of Parishes (4); Erie Shores South Catholic Family of Parishes (4); Erie Shores South Catholic Family of Parishes (4); Erie Shores South Catholic Family of Parishes (4); Erie Tri-County Catholic Family of Parishes (3); Erie Tri-County Catholic Family of Parishes (3); Erie Tri-County Catholic Family of Parishes (3); Fanshawe Thames Catholic Family of Parishes (7); Fanshawe Thames Catholic Family of Parishes (7); Fanshawe Thames Catholic Family of Parishes (7); Fanshawe Thames Catholic Family of Parishes (7); Fanshawe Thames Catholic Family of Parishes (7); Fanshawe Thames Catholic Family of Parishes (7); Fanshawe Thames Catholic Family of Parishes (7); Kent Lambton Roman Catholic Family of Parishes (4); Kent Lambton Roman Catholic Family of Parishes (4); Kent Lambton Roman Catholic Family of Parishes (4); Kent Lambton Roman Catholic Family of Parishes (4); King's College (2); King's College (2); La Salle River Canard Catholic Family of Parishes (3); La Salle River Canard Catholic Family of Parishes (3); La Salle River Canard Catholic Family of Parishes (3); Lake Huron Catholic Family of Parishes (6); Lake Huron Catholic Family of Parishes (6); Lake Huron Catholic Family of Parishes (6); Lake Huron Catholic Family of Parishes (6); Lake Huron Catholic Family of Parishes (6); Lake Huron Catholic Family of Parishes (6); Lakes Erie and St.Clair Catholic Family of Parishes (4); Lakes Erie and St.Clair Catholic Family of Parishes (4); Lakes Erie and St.Clair Catholic Family of Parishes (4); Lakes Erie and St.Clair Catholic Family of Parishes (4); Lambton County Catholic Family of Parishes (4); Lambton County Catholic Family of Parishes (4); Lambton County Catholic Family of Parishes (4); Lambton County Catholic Family of Parishes (4); London East Central Catholic Family of Parishes (4); London East Central Catholic Family of Parishes (4); London East Central Catholic Family of Parishes (4); London East Central Catholic Family of Parishes (4); London North Central Catholic Family of Parishes (3); London North Central Catholic Family of Parishes (3); London North Central Catholic Family of Parishes (3); London South Catholic Family of Parishes (3); London South Catholic Family of Parishes (3); London South Catholic Family of Parishes (3); Lucan Northwest London Catholic Family of Parishes (2); Lucan Northwest London Catholic Family of Parishes (2); North Central Windsor Catholic Family of Parishes (5); North Central Windsor Catholic Family of Parishes (5); North Central Windsor Catholic Family of Parishes (5); North Central Windsor Catholic Family of Parishes (5); North Central Windsor Catholic Family of Parishes (5); North Oxford Catholic Family of Parishes (3); North Oxford Catholic Family of Parishes (3); North Oxford Catholic Family of Parishes (3); Northern Huron Perth Catholic Family of Parishes (3); Northern Huron Perth Catholic Family of Parishes (3); Northern Huron Perth Catholic Family of Parishes (3); Perth Huron Crossroads Catholic Family of Parishes (4); Perth Huron Crossroads Catholic Family of Parishes (4); Perth Huron Crossroads Catholic Family of Parishes (4); Perth Huron Crossroads Catholic Family of Parishes (4); Rose City Central Catholic Family of Parishes (4); Rose City Central Catholic Family of Parishes (4); Rose City Central Catholic Family of Parishes (4); Rose City Central Catholic Family of Parishes (4); Sarnia Bluewater Roman Catholic Family of Parishes (7); Sarnia Bluewater Roman Catholic Family of Parishes (7); Sarnia Bluewater Roman Catholic Family of Parishes (7); Sarnia Bluewater Roman Catholic Family of Parishes (7); Sarnia Bluewater Roman Catholic Family of Parishes (7); Sarnia Bluewater Roman Catholic Family of Parishes (7); Sarnia Bluewater Roman Catholic Family of Parishes (7); South Kent Catholic Family of Parishes (5); South Kent Catholic Family of Parishes (5); South Kent Catholic Family of Parishes (5); South Kent Catholic Family of Parishes (5); South Kent Catholic Family of Parishes (5); South Windsor Family of Parishes (4); South Windsor Family of Parishes (4); South Windsor Family of Parishes (4); South Windsor Family of Parishes (4); Springbank Catholic Family of Parishes (2); Springbank Catholic Family of Parishes (2); West Middlesex Catholic Family of Parishes (3); West Middlesex Catholic Family of Parishes (3); West Middlesex Catholic Family of Parishes (3); Windsor Heritage Catholic Family of Parishes (6); Windsor Heritage Catholic Family of Parishes (6); Windsor Heritage Catholic Family of Parishes (6); Windsor Heritage Catholic Family of Parishes (6); Windsor Heritage Catholic Family of Parishes (6); Windsor Heritage Catholic Family of Parishes (6); Windsor-Lake St Clair Catholic Family of Parishes (4); Windsor-Lake St Clair Catholic Family of Parishes (4); Windsor-Lake St Clair Catholic Family of Parishes (4); Windsor-Lake St Clair Catholic Family of Parishes (4)",
        "familiesListByDioceseAlphaSlug": "amherstburg-harrow-catholic-family-of-parishes; amherstburg-harrow-catholic-family-of-parishes; avonthames-catholic-family-of-parishes; avonthames-catholic-family-of-parishes; avonthames-catholic-family-of-parishes; catholic-family-of-parishes-in-norfolk; catholic-family-of-parishes-in-norfolk; catholic-family-of-parishes-in-norfolk; catholic-family-of-parishes-in-norfolk; central-essex-county-catholic-family-of-parishes; central-essex-county-catholic-family-of-parishes; central-essex-county-catholic-family-of-parishes; central-essex-county-catholic-family-of-parishes; chatham-catholic-family-of-parishes; chatham-catholic-family-of-parishes; chatham-catholic-family-of-parishes; chatham-catholic-family-of-parishes; east-windsor-catholic-family-of-parishes; east-windsor-catholic-family-of-parishes; elgin-roman-catholic-family-of-parishes; elgin-roman-catholic-family-of-parishes; elgin-roman-catholic-family-of-parishes; elgin-roman-catholic-family-of-parishes; elgin-roman-catholic-family-of-parishes; erie-shores-south-catholic-family-of-parishes; erie-shores-south-catholic-family-of-parishes; erie-shores-south-catholic-family-of-parishes; erie-shores-south-catholic-family-of-parishes; erie-tricounty-catholic-family-of-parishes; erie-tricounty-catholic-family-of-parishes; erie-tricounty-catholic-family-of-parishes; fanshawe-thames-catholic-family-of-parishes; fanshawe-thames-catholic-family-of-parishes; fanshawe-thames-catholic-family-of-parishes; fanshawe-thames-catholic-family-of-parishes; fanshawe-thames-catholic-family-of-parishes; fanshawe-thames-catholic-family-of-parishes; fanshawe-thames-catholic-family-of-parishes; kent-lambton-roman-catholic-family-of-parishes; kent-lambton-roman-catholic-family-of-parishes; kent-lambton-roman-catholic-family-of-parishes; kent-lambton-roman-catholic-family-of-parishes; kings-college; kings-college; la-salle-river-canard-catholic-family-of-parishes; la-salle-river-canard-catholic-family-of-parishes; la-salle-river-canard-catholic-family-of-parishes; lake-huron-catholic-family-of-parishes; lake-huron-catholic-family-of-parishes; lake-huron-catholic-family-of-parishes; lake-huron-catholic-family-of-parishes; lake-huron-catholic-family-of-parishes; lake-huron-catholic-family-of-parishes; lakes-erie-and-stclair-catholic-family-of-parishes; lakes-erie-and-stclair-catholic-family-of-parishes; lakes-erie-and-stclair-catholic-family-of-parishes; lakes-erie-and-stclair-catholic-family-of-parishes; lambton-county-catholic-family-of-parishes; lambton-county-catholic-family-of-parishes; lambton-county-catholic-family-of-parishes; lambton-county-catholic-family-of-parishes; london-east-central-catholic-family-of-parishes; london-east-central-catholic-family-of-parishes; london-east-central-catholic-family-of-parishes; london-east-central-catholic-family-of-parishes; london-north-central-catholic-family-of-parishes; london-north-central-catholic-family-of-parishes; london-north-central-catholic-family-of-parishes; london-south-catholic-family-of-parishes; london-south-catholic-family-of-parishes; london-south-catholic-family-of-parishes; lucan-northwest-london-catholic-family-of-parishes; lucan-northwest-london-catholic-family-of-parishes; north-central-windsor-catholic-family-of-parishes; north-central-windsor-catholic-family-of-parishes; north-central-windsor-catholic-family-of-parishes; north-central-windsor-catholic-family-of-parishes; north-central-windsor-catholic-family-of-parishes; north-oxford-catholic-family-of-parishes; north-oxford-catholic-family-of-parishes; north-oxford-catholic-family-of-parishes; northern-huron-perth-catholic-family-of-parishes; northern-huron-perth-catholic-family-of-parishes; northern-huron-perth-catholic-family-of-parishes; perth-huron-crossroads-catholic-family-of-parishes; perth-huron-crossroads-catholic-family-of-parishes; perth-huron-crossroads-catholic-family-of-parishes; perth-huron-crossroads-catholic-family-of-parishes; rose-city-central-catholic-family-of-parishes; rose-city-central-catholic-family-of-parishes; rose-city-central-catholic-family-of-parishes; rose-city-central-catholic-family-of-parishes; sarnia-bluewater-roman-catholic-family-of-parishes; sarnia-bluewater-roman-catholic-family-of-parishes; sarnia-bluewater-roman-catholic-family-of-parishes; sarnia-bluewater-roman-catholic-family-of-parishes; sarnia-bluewater-roman-catholic-family-of-parishes; sarnia-bluewater-roman-catholic-family-of-parishes; sarnia-bluewater-roman-catholic-family-of-parishes; south-kent-catholic-family-of-parishes; south-kent-catholic-family-of-parishes; south-kent-catholic-family-of-parishes; south-kent-catholic-family-of-parishes; south-kent-catholic-family-of-parishes; south-windsor-family-of-parishes; south-windsor-family-of-parishes; south-windsor-family-of-parishes; south-windsor-family-of-parishes; springbank-catholic-family-of-parishes; springbank-catholic-family-of-parishes; west-middlesex-catholic-family-of-parishes; west-middlesex-catholic-family-of-parishes; west-middlesex-catholic-family-of-parishes; windsor-heritage-catholic-family-of-parishes; windsor-heritage-catholic-family-of-parishes; windsor-heritage-catholic-family-of-parishes; windsor-heritage-catholic-family-of-parishes; windsor-heritage-catholic-family-of-parishes; windsor-heritage-catholic-family-of-parishes; windsorlake-st-clair-catholic-family-of-parishes; windsorlake-st-clair-catholic-family-of-parishes; windsorlake-st-clair-catholic-family-of-parishes; windsorlake-st-clair-catholic-family-of-parishes",
        "numOfDeaneriesInDiocese": "7",
        "deaneriesListInDioceseByAlpha": "Essex (17); Huron-Perth (17); Ingersoll (10); Kent (15); London (30); Sarnia (12); Windsor (22)",
        "deaneriesListInDioceseByAlphaSlug": "essex-diocese-of-london-canada; huronperth-diocese-of-london-canada; ingersoll-diocese-of-london-canada; kent-diocese-of-london-canada; london-diocese-of-london-canada; sarnia-diocese-of-london-canada; windsor-diocese-of-london-canada",
        "deaneriesListInDioceseByNumParishes": "London (30); Windsor (22); Essex (17); Huron-Perth (17); Kent (15); Sarnia (12); Ingersoll (10)",
        "deaneriesListInDioceseByNumParishesSlug": "london-diocese-of-london-canada; windsor-diocese-of-london-canada; essex-diocese-of-london-canada; huronperth-diocese-of-london-canada; kent-diocese-of-london-canada; sarnia-diocese-of-london-canada; ingersoll-diocese-of-london-canada",
        "parishesListInDioceseByAlpha": "\"The Chapel\" at Windermere on the Mount; All Saints; Assumption Parish; Blessed Sacrament; Christ the King Chapel; Corpus Christi; Good Shepherd; Holy Angels; Holy Cross; Holy Cross Santa Cruz; Holy Family; Holy Family; Holy Name of Jesus; Holy Name of Mary; Holy Name of Mary; Holy Trinity; Holy Trinity; Immaculate Conception; Immaculate Heart of Mary; Immaculate Heart Parish at St. Michael's Church; Immacul\u00e9e Conception; Mary Immaculate; Most Precious Blood; Our Lady Help of Christians; Our Lady Help of Christians; Our Lady of Czestochowa; Our Lady of Guadalupe; Our Lady of Mercy; Our Lady of Mount Carmel; Our Lady of Mount Carmel; Our Lady of Perpetual Help (OLPH); Our Lady of \u0160iluva; Our Lady of Sorrows; Our Lady of the Atonement; Our Lady of the Blessed Sacrament; Our Lady of the Holy Rosary; Our Lady of Victory; Our Lady, Queen of Martyrs; Precious Blood; Queen of Peace; Sacred Heart; Sacred Heart; Sacred Heart; Sacred Heart; Sacred Heart; Sacred Heart; Sacred Heart; San Juan Diego of Guadalupe; St-J\u00e9r\u00f4me; St. Alphonsus; St. Ambrose; St. Andrew Kim; St. Andrew the Apostle; St. Angela Merici; St. Anne; St. Anne of the Lakes; St. Anthony of Padua; St. Benedict; St. Benedict Tridentine Catholic Community; St. Bernard of Clairvaux; St. Boniface; St. Cecilia; St. Charles Garnier; St. Christopher; St. Clement; St. Daniel Comboni; St. Francis - St. Martin of Tours; St. Francis of Assisi; St. Francis Xavier; St. Gabriel; St. George; St. Helen; St. James; St. John de Br\u00e9beuf; St. John the Baptist; St. John the Divine; St. John the Evangelist; St. John Vianney / St. Anthony of Padua; St. Joseph; St. Joseph; St. Joseph; St. Joseph; St. Joseph; St. Joseph; St. Josephine Bakhite Community; St. Justin; St. Leopold Mandic; St. Mary; St. Mary; St. Mary; St. Mary; St. Mary; St. Mary; St. Michael; St. Michael; St. Michael; St. Michael; St. Michael; St. Michael's Parish; St. Patrick; St. Patrick; St. Patrick; St. Patrick; St. Paul; St. Paul's; St. Peter; St. Peter; St. Peter; St. Peter\u2019s Cathedral Basilica; St. Philip; St. Philippe Minh & St. Ane Thanh Vietnamese Martyrs Catholic Community; St. Simon and St. Jude; St. Stephen of Hungary; St. Theresa; St. Thomas d'Aquin; St. Ursula; St. Vincent de Paul; St. Yu Jin-Gil Korean Catholic Community; Star of the Sea; Ste-Marguerite-d'Youville; Ste. Anne; Sts. Cyril & Methodius; Visitation Parish",
        "parishesSlugListInDioceseByAlpha": "the-chapel-at-windermere-on-the-mount-london; all-saints-parkhill; assumption-parish-windsor; blessed-sacrament-chatham; christ-the-king-chapel-london; corpus-christi-windsor; good-shepherd-tecumseh; holy-angels-st-thomas; holy-cross-woodstock; holy-cross-santa-cruz-london; holy-family-wallaceburg; holy-family-london; holy-name-of-jesus-essex; holy-name-of-mary-windsor; holy-name-of-mary-st-mary-s; holy-trinity-windsor; holy-trinity-ingersoll; immaculate-conception-stratford; immaculate-heart-of-mary-grand-bend; immaculate-heart-parish-at-st-michael-s-church-windsor; immaculee-conception-pain-court; mary-immaculate-london; most-precious-blood-windsor; our-lady-help-of-christians-wallaceburg; our-lady-help-of-christians-watford; our-lady-of-czestochowa-london; our-lady-of-guadalupe-windsor; our-lady-of-mercy-sarnia; our-lady-of-mount-carmel-windsor; our-lady-of-mount-carmel-mount-carmel; our-lady-of-perpetual-help-olph-windsor; our-lady-of-siluva-london; our-lady-of-sorrows-aylmer; our-lady-of-the-atonement-windsor; our-lady-of-the-blessed-sacrament-wheatley; our-lady-of-the-holy-rosary-london; our-lady-of-victory-chatham; our-lady-queen-of-martyrs-delhi; precious-blood-exeter; queen-of-peace-sarnia; sacred-heart-lasalle; sacred-heart-port-lambton; sacred-heart-sarnia; sacred-heart-strathroy; sacred-heart-wingham; sacred-heart-woodstock; sacred-heart-langton; san-juan-diego-of-guadalupe-windsor; st-jerome-windsor; st-alphonsus-windsor; st-ambrose-brussels; st-andrew-kim-london; st-andrew-the-apostle-london; st-angela-merici-windsor; st-anne-st-thomas; st-anne-of-the-lakes-blenheim; st-anthony-of-padua-harrow; st-benedict-sarnia; st-benedict-tridentine-catholic-community-windsor; st-bernard-of-clairvaux-waterford; st-boniface-zurich; st-cecilia-port-dover; st-charles-garnier-glencoe; st-christopher-forest; st-clement-mcgregor; st-daniel-comboni-windsor; st-francis-st-martin-of-tours-london; st-francis-of-assisi-windsor; st-francis-xavier-tilbury; st-gabriel-rondeau; st-george-london; st-helen-wallacetown; st-james-seaforth; st-john-de-brebeuf-kingsville; st-john-the-baptist-amherstburg; st-john-the-divine-london; st-john-the-evangelist-north-woodslee; st-john-vianney-st-anthony-of-padua-windsor; st-joseph-amherstburg; st-joseph-chatham; st-joseph-corunna; st-joseph-sarnia; st-joseph-listowel; st-joseph-stratford; st-josephine-bakhite-community-london; st-justin-london; st-leopold-mandic-london; st-mary-maidstone; st-mary-blenheim; st-mary-west-lorne; st-mary-london; st-mary-simcoe; st-mary-tillsonburg; st-michael-leamington; st-michael-ridgetown; st-michael-dresden; st-michael-brights-grove; st-michael-walsh; st-michael-s-parish-london; st-patrick-lucan; st-patrick-london; st-patrick-dublin; st-patrick-kinkora; st-paul-lasalle; st-paul-s-thamesville; st-peter-tilbury; st-peter-st-joseph; st-peter-goderich; st-peter-s-cathedral-basilica-london; st-philip-petrolia; st-philippe-minh-st-ane-thanh-vietnamese-martyrs-catholic-community-windsor; st-simon-and-st-jude-belle-river; st-stephen-of-hungary-london; st-theresa-windsor; st-thomas-d-aquin-sarnia; st-ursula-chatham; st-vincent-de-paul-mitchell; st-yu-jin-gil-korean-catholic-community-windsor; star-of-the-sea-pelee-island; ste-marguerite-d-youville-london; ste-anne-tecumseh; sts-cyril-methodius-windsor; visitation-parish-comber",
        "numCitiesInDiocese": "64",
        "citiesListAlphaInDiocese": "Amherstburg (2); Aylmer (1); Belle River (1); Blenheim (2); Brights Grove (1); Brussels (1); Chatham (4); Comber (1); Corunna (1); Delhi (1); Dresden (1); Dublin (1); Essex (1); Exeter (1); Forest (1); Glencoe (1); Goderich (1); Grand Bend (1); Harrow (1); Ingersoll (1); Kingsville (1); Kinkora (1); Langton (1); LaSalle (2); Leamington (1); Listowel (1); London (22); Lucan (1); Maidstone (1); McGregor (1); Mitchell (1); Mount Carmel (1); North Woodslee (1); Pain Court (1); Parkhill (1); Pelee Island (1); Petrolia (1); Port Dover (1); Port Lambton (1); Ridgetown (1); Rondeau (1); Sarnia (6); Seaforth (1); Simcoe (1); St Joseph (1); St Mary's (1); St Thomas (2); Stratford (2); Strathroy (1); Tecumseh (2); Thamesville (1); Tilbury (2); Tillsonburg (1); Wallaceburg (2); Wallacetown (1); Walsh (1); Waterford (1); Watford (1); West Lorne (1); Wheatley (1); Windsor (22); Wingham (1); Woodstock (2); Zurich (1)",
        "citiesListAlphaInDioceseSlug": "amherstburg-ontario-canada; aylmer-ontario-canada; belle-river-ontario-canada; blenheim-ontario-canada; brights-grove-ontario-canada; brussels-ontario-canada; chatham-ontario-canada; comber-ontario-canada; corunna-ontario-canada; delhi-ontario-canada; dresden-ontario-canada; dublin-ontario-canada; essex-ontario-canada; exeter-ontario-canada; forest-ontario-canada; glencoe-ontario-canada; goderich-ontario-canada; grand-bend-ontario-canada; harrow-ontario-canada; ingersoll-ontario-canada; kingsville-ontario-canada; kinkora-ontario-canada; langton-ontario-canada; lasalle-ontario-canada; leamington-ontario-canada; listowel-ontario-canada; london-ontario-canada; lucan-ontario-canada; maidstone-ontario-canada; mcgregor-ontario-canada; mitchell-ontario-canada; mount-carmel-ontario-canada; north-woodslee-ontario-canada; pain-court-ontario-canada; parkhill-ontario-canada; pelee-island-ontario-canada; petrolia-ontario-canada; port-dover-ontario-canada; port-lambton-ontario-canada; ridgetown-ontario-canada; rondeau-ontario-canada; sarnia-ontario-canada; seaforth-ontario-canada; simcoe-ontario-canada; st-joseph-ontario-canada; st-marys-ontario-canada; st-thomas-ontario-canada; stratford-ontario-canada; strathroy-ontario-canada; tecumseh-ontario-canada; thamesville-ontario-canada; tilbury-ontario-canada; tillsonburg-ontario-canada; wallaceburg-ontario-canada; wallacetown-ontario-canada; walsh-ontario-canada; waterford-ontario-canada; watford-ontario-canada; west-lorne-ontario-canada; wheatley-ontario-canada; windsor-ontario-canada; wingham-ontario-canada; woodstock-ontario-canada; zurich-ontario-canada",
        "citiesListNumParishesInDiocese": "Windsor (22); London (22); Sarnia (6); Chatham (4); Tecumseh (2); LaSalle (2); Amherstburg (2); Tilbury (2); Blenheim (2); Wallaceburg (2); St Thomas (2); Stratford (2); Woodstock (2); Belle River (1); Harrow (1); Maidstone (1); McGregor (1); Essex (1); North Woodslee (1); Kingsville (1); Leamington (1); Wheatley (1); Pelee Island (1); Pain Court (1); Comber (1); Thamesville (1); Ridgetown (1); Rondeau (1); Dresden (1); Port Lambton (1); Watford (1); Forest (1); Petrolia (1); Corunna (1); Brights Grove (1); Strathroy (1); Parkhill (1); Glencoe (1); Aylmer (1); West Lorne (1); Wallacetown (1); Lucan (1); Mount Carmel (1); Zurich (1); St Joseph (1); Exeter (1); Goderich (1); Grand Bend (1); Dublin (1); Seaforth (1); Kinkora (1); Mitchell (1); Wingham (1); Brussels (1); Listowel (1); St Mary's (1); Ingersoll (1); Waterford (1); Port Dover (1); Delhi (1); Simcoe (1); Tillsonburg (1); Langton (1); Walsh (1)",
        "citiesListNumParishesInDioceseSlug": "windsor-ontario-canada; london-ontario-canada; sarnia-ontario-canada; chatham-ontario-canada; tecumseh-ontario-canada; lasalle-ontario-canada; amherstburg-ontario-canada; tilbury-ontario-canada; blenheim-ontario-canada; wallaceburg-ontario-canada; st-thomas-ontario-canada; stratford-ontario-canada; woodstock-ontario-canada; belle-river-ontario-canada; harrow-ontario-canada; maidstone-ontario-canada; mcgregor-ontario-canada; essex-ontario-canada; north-woodslee-ontario-canada; kingsville-ontario-canada; leamington-ontario-canada; wheatley-ontario-canada; pelee-island-ontario-canada; pain-court-ontario-canada; comber-ontario-canada; thamesville-ontario-canada; ridgetown-ontario-canada; rondeau-ontario-canada; dresden-ontario-canada; port-lambton-ontario-canada; watford-ontario-canada; forest-ontario-canada; petrolia-ontario-canada; corunna-ontario-canada; brights-grove-ontario-canada; strathroy-ontario-canada; parkhill-ontario-canada; glencoe-ontario-canada; aylmer-ontario-canada; west-lorne-ontario-canada; wallacetown-ontario-canada; lucan-ontario-canada; mount-carmel-ontario-canada; zurich-ontario-canada; st-joseph-ontario-canada; exeter-ontario-canada; goderich-ontario-canada; grand-bend-ontario-canada; dublin-ontario-canada; seaforth-ontario-canada; kinkora-ontario-canada; mitchell-ontario-canada; wingham-ontario-canada; brussels-ontario-canada; listowel-ontario-canada; st-marys-ontario-canada; ingersoll-ontario-canada; waterford-ontario-canada; port-dover-ontario-canada; delhi-ontario-canada; simcoe-ontario-canada; tillsonburg-ontario-canada; langton-ontario-canada; walsh-ontario-canada",
        "mainCityInDiocese": "Windsor",
        "numSundayMassInDiocese": "152",
        "numSaturdayVigilMassInDiocese": "62",
        "numMondayMassInDiocese": "10",
        "numTuesdayMassInDiocese": "51",
        "numWednesdayMassInDiosese": "49",
        "numThursdayMassInDiocese": "51",
        "numFridayMassInDiocese": "47",
        "numSaturdayMassInDiocese": "14",
        "numDailyMassesPerWeekInDiocese": "222",
        "numSundayServiceInDiocese": "214",
        "numMassesPerWeekInDiocese": "436",
        "avgMassesPerParishPerWeekInDiocese": "3.5",
        "avgDailyMassesPerParishPerWeekInDiocese": "1.8",
        "avgSundayServicesPerParishPerWeekInDiocese": "1.7",
        "avgParishesPerFamilyInDiocese": "3.8",
        "avgParishesPerDeanearyInDiocese": "17.6",
        "avgLatDiocese": "42.725812",
        "avgLongDiocese": "-81.959127",
        "diocesePhotos": "https://ik.imagekit.io/catholicparishes/parishes/canada/diocese_of_london/windsor/ourladyofperpetualhelp.jpg; https://ik.imagekit.io/catholicparishes/parishes/canada/diocese_of_london/windsor/assumption1.jpg?updatedAt=1764519035902; https://ik.imagekit.io/catholicparishes/parishes/canada/diocese_of_london/windsor/assumption2.jpg?updatedAt=1764519033545; https://ik.imagekit.io/catholicparishes/parishes/canada/diocese_of_london/windsor/assumption3.jpg?updatedAt=1764519034710; https://ik.imagekit.io/catholicparishes/parishes/canada/diocese_of_london/windsor/assumption4.jpg?updatedAt=1764519035513; https://ik.imagekit.io/catholicparishes/parishes/canada/diocese_of_london/windsor/holytrinity1.JPG?updatedAt=1764519030165; https://ik.imagekit.io/catholicparishes/parishes/canada/diocese_of_london/windsor/holytrinity2.JPG?updatedAt=1764519033614; https://ik.imagekit.io/catholicparishes/parishes/canada/diocese_of_london/windsor/holytrinity3.jpg?updatedAt=1764519031994; https://ik.imagekit.io/catholicparishes/parishes/canada/diocese_of_london/windsor/stfrancisofassisi1.jpg?updatedAt=1764519033200; https://ik.imagekit.io/catholicparishes/parishes/canada/diocese_of_london/windsor/stfrancisofassisi2.jpg?updatedAt=1764519033336; https://ik.imagekit.io/catholicparishes/parishes/canada/diocese_of_london/windsor/immaculateheart.JPG; https://ik.imagekit.io/catholicparishes/parishes/canada/diocese_of_london/windsor/stmichael1.jpg?updatedAt=1764519034531; https://ik.imagekit.io/catholicparishes/parishes/canada/diocese_of_london/windsor/holynameofmary.jpg; https://ik.imagekit.io/catholicparishes/parishes/canada/diocese_of_london/windsor/stalphonsus1.jpg?updatedAt=1764519034777; https://ik.imagekit.io/catholicparishes/parishes/canada/diocese_of_london/windsor/stalphonsus2.jpg?updatedAt=1764519028705; https://ik.imagekit.io/catholicparishes/parishes/canada/diocese_of_london/windsor/stangela.jpg; https://ik.imagekit.io/catholicparishes/parishes/canada/diocese_of_london/windsor/stphilipheminh1.jpg?updatedAt=1764519027924; https://ik.imagekit.io/catholicparishes/parishes/canada/diocese_of_london/windsor/mostpreciousblood1.jpg?updatedAt=1764519034984; https://ik.imagekit.io/catholicparishes/parishes/canada/diocese_of_london/windsor/mostpreciousblood2.jpg?updatedAt=1764519034119; https://ik.imagekit.io/catholicparishes/parishes/canada/diocese_of_london/windsor/sttheresa1.jpg?updatedAt=1764519032349; https://ik.imagekit.io/catholicparishes/parishes/canada/diocese_of_london/windsor/stscyrilandmethodius1.jpg?updatedAt=1764519033955; https://ik.imagekit.io/catholicparishes/parishes/canada/diocese_of_london/windsor/stjerome1.jpg?updatedAt=1764519032121; https://ik.imagekit.io/catholicparishes/parishes/canada/diocese_of_london/windsor/stjerome2.jpg?updatedAt=1764519034517; https://ik.imagekit.io/catholicparishes/parishes/canada/diocese_of_london/windsor/stannes1.jpg?updatedAt=1764519034711; https://ik.imagekit.io/catholicparishes/parishes/canada/diocese_of_london/windsor/ourladyoftheattonement1.jpg?updatedAt=1764519034924; https://ik.imagekit.io/catholicparishes/parishes/canada/diocese_of_london/windsor/ourladyoftheattonement2.jpg?updatedAt=1764519034614; https://ik.imagekit.io/catholicparishes/parishes/canada/diocese_of_london/london/stpeterlondon1.jpg?updatedAt=1764519079680; https://ik.imagekit.io/catholicparishes/parishes/canada/diocese_of_london/london/stpeterlondon2.jpg?updatedAt=1764519078740; https://ik.imagekit.io/catholicparishes/parishes/canada/diocese_of_london/london/stpeterlondon3.jpg?updatedAt=1764519079495; https://ik.imagekit.io/catholicparishes/parishes/canada/diocese_of_london/london/stpeterlondon4.jpg?updatedAt=1764519079732; https://ik.imagekit.io/catholicparishes/parishes/canada/diocese_of_london/london/stmichaels1.jpg?updatedAt=1764519079759; https://ik.imagekit.io/catholicparishes/parishes/canada/diocese_of_london/london/stmichaels2.jpg?updatedAt=1764519079093; https://ik.imagekit.io/catholicparishes/parishes/canada/diocese_of_london/essex/stpaul.jpg?updatedAt=1764520070902; https://ik.imagekit.io/catholicparishes/parishes/canada/diocese_of_london/essex/stjoseph.jpg?updatedAt=1764520070021; https://ik.imagekit.io/catholicparishes/parishes/canada/diocese_of_london/essex/sacredheart.jpg?updatedAt=1764520070406; https://ik.imagekit.io/catholicparishes/parishes/canada/diocese_of_london/essex/stjohnthebaptist.jpg?updatedAt=1764520069910; https://ik.imagekit.io/catholicparishes/parishes/canada/diocese_of_london/essex/stanthonyofpadua1.jpg?updatedAt=1764520069432; https://ik.imagekit.io/catholicparishes/parishes/canada/diocese_of_london/essex/stanthonyofpadua2.jpg?updatedAt=1764520070015; https://ik.imagekit.io/catholicparishes/parishes/canada/diocese_of_london/essex/stmary.jpg?updatedAt=1764520071109; https://res.cloudinary.com/dscbzaxij/image/upload/v1764452318/stclement_sl3dlj.jpg; https://res.cloudinary.com/dscbzaxij/image/upload/v1764452313/holynameofJesus_cj9sqj.jpg; https://ik.imagekit.io/catholicparishes/parishes/canada/diocese_of_london/essex/stjohntheevangelist.jpg?updatedAt=1764520071231; https://ik.imagekit.io/catholicparishes/parishes/canada/diocese_of_london/essex/stjohndrebeuf.jpg?updatedAt=1764520070139; https://ik.imagekit.io/catholicparishes/parishes/canada/diocese_of_london/essex/stmichael.jpg?updatedAt=1764520069073; https://ik.imagekit.io/catholicparishes/parishes/canada/diocese_of_london/essex/ourladyoftheblessedsacrament1.jpg?updatedAt=1764520066453; https://ik.imagekit.io/catholicparishes/parishes/canada/diocese_of_london/essex/ourladyoftheblessedsacrament2.jpg?updatedAt=1764520068437; https://ik.imagekit.io/catholicparishes/parishes/canada/diocese_of_london/kent/immaculateconception.jpg; https://ik.imagekit.io/catholicparishes/parishes/canada/diocese_of_london/kent/stfrancisxavier.jpg; https://ik.imagekit.io/catholicparishes/parishes/canada/diocese_of_london/kent/visitation.jpg; https://ik.imagekit.io/catholicparishes/parishes/canada/diocese_of_london/kent/stpeter.jpg; https://ik.imagekit.io/catholicparishes/parishes/canada/diocese_of_london/kent/blessedsacrament.jpg; https://ik.imagekit.io/catholicparishes/parishes/canada/diocese_of_london/kent/ourladyofvictory1.jpg; https://ik.imagekit.io/catholicparishes/parishes/canada/diocese_of_london/kent/ourladyofvictory2.jpg; https://ik.imagekit.io/catholicparishes/parishes/canada/diocese_of_london/kent/stjoseph1.jpg; https://ik.imagekit.io/catholicparishes/parishes/canada/diocese_of_london/kent/stjoseph2.jpg; https://ik.imagekit.io/catholicparishes/parishes/canada/diocese_of_london/kent/stursula.jpg; https://ik.imagekit.io/catholicparishes/parishes/canada/diocese_of_london/kent/stpaul.jpg; https://res.cloudinary.com/dscbzaxij/image/upload/v1764473329/stmary_lccejo.jpg; https://ik.imagekit.io/catholicparishes/parishes/canada/diocese_of_london/kent/stmichael.jpg; https://ik.imagekit.io/catholicparishes/parishes/canada/diocese_of_london/kent/stanneofthelakes.jpg; https://ik.imagekit.io/catholicparishes/parishes/canada/diocese_of_london/kent/stmichaeldresdon.jpg; https://ik.imagekit.io/catholicparishes/parishes/canada/diocese_of_london/kent/sacredheart.jpg; https://ik.imagekit.io/catholicparishes/parishes/canada/diocese_of_london/kent/holyfamily.jpg; https://ik.imagekit.io/catholicparishes/parishes/canada/diocese_of_london/kent/ourladyhelpofchristians.jpg; https://ik.imagekit.io/catholicparishes/parishes/canada/diocese_of_london/sarnia/ourladyofhelpchristians.jpg?updatedAt=1764521050110; https://ik.imagekit.io/catholicparishes/parishes/canada/diocese_of_london/sarnia/stchristopher.jpg?updatedAt=1764521050150; https://ik.imagekit.io/catholicparishes/parishes/canada/diocese_of_london/sarnia/stphilip.jpg?updatedAt=1764521049978; https://ik.imagekit.io/catholicparishes/parishes/canada/diocese_of_london/sarnia/stjoseph1.jpg?updatedAt=1764521049989; https://ik.imagekit.io/catholicparishes/parishes/canada/diocese_of_london/sarnia/stjoseph2.jpg?updatedAt=1764521050076; https://ik.imagekit.io/catholicparishes/parishes/canada/diocese_of_london/sarnia/ourladyofmercy.jpg?updatedAt=1764521049506; https://ik.imagekit.io/catholicparishes/parishes/canada/diocese_of_london/sarnia/queenofpeace1.jpg?updatedAt=1764521049655; https://ik.imagekit.io/catholicparishes/parishes/canada/diocese_of_london/sarnia/queenofpeace2.jpg?updatedAt=1764521049916; https://ik.imagekit.io/catholicparishes/parishes/canada/diocese_of_london/sarnia/sacredheart1.jpg?updatedAt=1764521049831; https://ik.imagekit.io/catholicparishes/parishes/canada/diocese_of_london/sarnia/sacredheart2.jpg?updatedAt=1764521049921; https://ik.imagekit.io/catholicparishes/parishes/canada/diocese_of_london/sarnia/stbenedict.jpg?updatedAt=1764521049925; https://ik.imagekit.io/catholicparishes/parishes/canada/diocese_of_london/sarnia/stjosephsarnia1.jpg?updatedAt=1764521049805; https://ik.imagekit.io/catholicparishes/parishes/canada/diocese_of_london/sarnia/stjosephsarnia2.jpg?updatedAt=1764521048614; https://ik.imagekit.io/catholicparishes/parishes/canada/diocese_of_london/sarnia/stmichael.jpg?updatedAt=1764521049931; https://ik.imagekit.io/catholicparishes/parishes/canada/diocese_of_london/sarnia/stthomasdaquin.jpg?updatedAt=1764521050125; https://ik.imagekit.io/catholicparishes/parishes/canada/diocese_of_london/london/stcharles.jpg; https://ik.imagekit.io/catholicparishes/parishes/canada/diocese_of_london/london/holyangels.jpg; https://ik.imagekit.io/catholicparishes/parishes/canada/diocese_of_london/london/ourladyofsorrows.jpg; https://ik.imagekit.io/catholicparishes/parishes/canada/diocese_of_london/london/stanne1.jpg; https://ik.imagekit.io/catholicparishes/parishes/canada/diocese_of_london/london/stanne2.jpg; https://ik.imagekit.io/catholicparishes/parishes/canada/diocese_of_london/london/stmary.jpg; https://ik.imagekit.io/catholicparishes/parishes/canada/diocese_of_london/london/sthelen.jpg; https://ik.imagekit.io/catholicparishes/parishes/canada/diocese_of_london/london/stpatrick.jpg; https://ik.imagekit.io/catholicparishes/parishes/canada/diocese_of_london/london/holyfamily1.jpg; https://ik.imagekit.io/catholicparishes/parishes/canada/diocese_of_london/london/holyfamily2.jpg; https://ik.imagekit.io/catholicparishes/parishes/canada/diocese_of_london/london/stgeorge.jpg; https://ik.imagekit.io/catholicparishes/parishes/canada/diocese_of_london/london/stjohnthedivine.jpg; https://ik.imagekit.io/catholicparishes/parishes/canada/diocese_of_london/london/ourladyofczestochowa.jpg; https://ik.imagekit.io/catholicparishes/parishes/canada/diocese_of_london/london/ourladyofczestochowa2.jpg; https://ik.imagekit.io/catholicparishes/parishes/canada/diocese_of_london/london/stmarylondon.jpg; https://ik.imagekit.io/catholicparishes/parishes/canada/diocese_of_london/london/stpatrick1.jpg; https://ik.imagekit.io/catholicparishes/parishes/canada/diocese_of_london/london/stpatrick2.jpg; https://ik.imagekit.io/catholicparishes/parishes/canada/diocese_of_london/london/stfrancisstmartin.jpg; https://ik.imagekit.io/catholicparishes/parishes/canada/diocese_of_london/london/stjustin.jpg; https://ik.imagekit.io/catholicparishes/parishes/canada/diocese_of_london/london/stleopoid.jpg; https://ik.imagekit.io/catholicparishes/parishes/canada/diocese_of_london/london/standrewtheapostle.jpg; https://ik.imagekit.io/catholicparishes/parishes/canada/diocese_of_london/london/holycrosssantacruz.jpg; https://ik.imagekit.io/catholicparishes/parishes/canada/diocese_of_london/london/maryimmaculate1.jpg; https://ik.imagekit.io/catholicparishes/parishes/canada/diocese_of_london/london/maryimmaculate2.jpg; https://ik.imagekit.io/catholicparishes/parishes/canada/diocese_of_london/london/standrewkim.jpg; https://ik.imagekit.io/catholicparishes/parishes/canada/diocese_of_london/huron-perth/ourladyofmountcarmel.jpg; https://ik.imagekit.io/catholicparishes/parishes/canada/diocese_of_london/huron-perth/stboniface.jpg; https://ik.imagekit.io/catholicparishes/parishes/canada/diocese_of_london/huron-perth/stpeterstjoseph.jpg; https://ik.imagekit.io/catholicparishes/parishes/canada/diocese_of_london/huron-perth/preciousblood1.jpg; https://ik.imagekit.io/catholicparishes/parishes/canada/diocese_of_london/huron-perth/preciousblood2.jpg; https://ik.imagekit.io/catholicparishes/parishes/canada/diocese_of_london/huron-perth/stpetergoderich1.jpg; https://ik.imagekit.io/catholicparishes/parishes/canada/diocese_of_london/huron-perth/stpetergoderich2.jpg; https://ik.imagekit.io/catholicparishes/parishes/canada/diocese_of_london/huron-perth/immaculateheartofmary.jpg; https://ik.imagekit.io/catholicparishes/parishes/canada/diocese_of_london/huron-perth/stpatrickdublin.jpg; https://ik.imagekit.io/catholicparishes/parishes/canada/diocese_of_london/huron-perth/stjames.jpg; https://ik.imagekit.io/catholicparishes/parishes/canada/diocese_of_london/huron-perth/stpatrickkinkora1.jpg; https://ik.imagekit.io/catholicparishes/parishes/canada/diocese_of_london/huron-perth/stpatrickkinkora2.jpg; https://ik.imagekit.io/catholicparishes/parishes/canada/diocese_of_london/huron-perth/stpatrickkinkora3.jpg; https://ik.imagekit.io/catholicparishes/parishes/canada/diocese_of_london/huron-perth/stvincentdepaul.jpg; https://ik.imagekit.io/catholicparishes/parishes/canada/diocese_of_london/huron-perth/sacredheartwingham.jpg; https://ik.imagekit.io/catholicparishes/parishes/canada/diocese_of_london/huron-perth/stambrose.jpg; https://ik.imagekit.io/catholicparishes/parishes/canada/diocese_of_london/huron-perth/stjosephlistowel.jpg; https://ik.imagekit.io/catholicparishes/parishes/canada/diocese_of_london/huron-perth/stpetergoderich2.jpg; https://ik.imagekit.io/catholicparishes/parishes/canada/diocese_of_london/huron-perth/stjosephstratford1.jpg; https://ik.imagekit.io/catholicparishes/parishes/canada/diocese_of_london/huron-perth/stjosephstratford2.jpg; https://ik.imagekit.io/catholicparishes/parishes/canada/diocese_of_london/huron-perth/holynameofmary.jpg; https://ik.imagekit.io/catholicparishes/parishes/canada/diocese_of_london/ingersoll/holytrinity.jpg; https://ik.imagekit.io/catholicparishes/parishes/canada/diocese_of_london/ingersoll/sacredheart1.jpg; https://ik.imagekit.io/catholicparishes/parishes/canada/diocese_of_london/ingersoll/sacredheart2.jpg; https://ik.imagekit.io/catholicparishes/parishes/canada/diocese_of_london/ingersoll/holycross1.jpg; https://ik.imagekit.io/catholicparishes/parishes/canada/diocese_of_london/ingersoll/holycross2.jpg; https://ik.imagekit.io/catholicparishes/parishes/canada/diocese_of_london/ingersoll/stbernard.jpg; https://ik.imagekit.io/catholicparishes/parishes/canada/diocese_of_london/ingersoll/stceilia1.jpg; https://ik.imagekit.io/catholicparishes/parishes/canada/diocese_of_london/ingersoll/stceilia2.jpg; https://ik.imagekit.io/catholicparishes/parishes/canada/diocese_of_london/ingersoll/ourladyqueenofmartyrs1.jpg; https://ik.imagekit.io/catholicparishes/parishes/canada/diocese_of_london/ingersoll/ourladyqueenofmartyrs2.jpg; https://ik.imagekit.io/catholicparishes/parishes/canada/diocese_of_london/ingersoll/stmary.jpg; https://ik.imagekit.io/catholicparishes/parishes/canada/diocese_of_london/ingersoll/stmarytillsonburg.jpg; https://ik.imagekit.io/catholicparishes/parishes/canada/diocese_of_london/ingersoll/sacredheartlangton1.jpg; https://ik.imagekit.io/catholicparishes/parishes/canada/diocese_of_london/ingersoll/sacredheartlangton2.jpg"
    }
]
